,World,USA,India,Brazil,Russia,UK,France,Italy,Spain,Germany,Colombia,Argentina,Mexico,Turkey,Poland,Iran,South Africa,Ukraine,Peru,Netherlands,Czechia,Indonesia,Romania,Canada,Belgium,Chile,Iraq,Bangladesh,Israel,Sweden,Portugal,Pakistan,Philippines,Switzerland,Morocco,Austria,Serbia,Saudi Arabia,Hungary,Jordan,Japan,Panama,Nepal,Georgia,UAE,Lebanon,Azerbaijan,Ecuador,Croatia,Slovakia,Belarus,Kazakhstan,Bulgaria,Dominican Republic,Denmark,Costa Rica,Bolivia,Tunisia,Palestine,Lithuania,Armenia,Ireland,Kuwait,Egypt,Moldova,Malaysia,Greece,Guatemala,Qatar,Slovenia,Myanmar,Oman,Honduras,Ethiopia,Paraguay,Venezuela,Bosnia and Herzegovina,Libya,Nigeria,Algeria,Kenya,China,Bahrain,North Macedonia,Puerto Rico,Kyrgyzstan,Uzbekistan,South Korea,Albania,Singapore,Norway,Ghana,Montenegro,Kosovo,Afghanistan,Latvia,Sri Lanka,El Salvador,Luxembourg,Finland,Uganda,Estonia,Zambia,Namibia,Australia,Uruguay,Cyprus,Cameroon,Sudan,Zimbabwe,Cote d'Ivoire,Mozambique,Senegal,DRC,Angola,Madagascar,French Polynesia,Cuba,Botswana,Mauritania,Malta,French Guiana,Maldives,Guinea,Jamaica,Tajikistan,Syria,Cabo Verde,Eswatini,Thailand,Belize,Haiti,Malawi,Rwanda,Gabon,Reunion,Andorra,Guadeloupe,Burkina Faso,Bahamas,Mali,Congo,Trinidad and Tobago,Guam,Suriname,Guyana,Mayotte,Lesotho,Aruba,Martinique,Iceland,Djibouti,Equatorial Guinea,Central African Republic,Nicaragua,Somalia,Curaçao,Togo,Niger,Gambia,South Sudan,Gibraltar,Benin,Jersey,Sierra Leone,Chad,San Marino,Guinea-Bissau,Liechtenstein,US Virgin Islands,Yemen,New Zealand,Liberia,Eritrea,Sint Maarten,Vietnam,Mongolia,Comoros,Burundi,Monaco,São Tomé and Príncipe,Saint Martin,Turks and Caicos,Barbados,Bhutan,Papua New Guinea,Other,Bermuda,Faroe Islands,Seychelles,Mauritius,Tanzania,Saint Lucia,Cambodia,Isle of Man,Cayman Islands,Saint Vincent and the Grenadines,Bonaire,Guernsey,Saint Barthélemy,Antigua and Barbuda,Brunei,Grenada,Northern Mariana Islands,British Virgin Islands,Dominica,Fiji,Timor-Leste,Laos,New Caledonia,Saint Kitts and Nevis,Falkland Islands,Greenland,Vatican City,Sint Eustatius,Solomon Islands,Saint Pierre and Miquelon,Anguilla,Montserrat,Saba,Wallis and Futuna,Marshall Islands,Vanuatu,Micronesia,Samoa
Jan 1,81963694,19346790,10286709,7619200,3186336,2488784,2576420,2107166,1893502,1742661,1626461,1613928,1413935,1394314,1305774,1225143,1057561,1064479,1012614,797516,732022,743198,632263,572982,648288,608973,595291,513510,419778,437379,413678,479715,474064,450075,439193,359362,337923,362741,325278,294494,234395,242744,260593,228410,207822,181503,218700,212512,212007,184508,194284,202159,202266,170785,163479,168114,158372,139140,155365,143903,158722,91779,150584,138062,144818,113010,138850,138012,143834,123950,124630,128867,121827,124264,106958,113121,111643,100277,87510,99610,96458,96762,92675,83329,76291,81156,77126,61769,58316,58599,48278,54771,48643,51285,52513,40904,43299,45960,46598,36107,35216,28406,20725,23941,28408,18480,22651,26848,23316,13867,22250,18642,19140,17374,17553,17714,16926,11863,14025,13642,12774,13166,13757,13722,12827,13182,11434,11840,9358,6884,10724,10015,6583,8383,9571,9037,8049,8620,6707,7871,7090,6200,7132,7139,6181,6319,5890,2577,5442,6091,5754,5831,5277,4963,4829,4714,4230,3633,3208,3800,3558,1973,3251,2726,2560,2113,2384,2447,2221,2031,2103,1806,1800,1320,1434,1465,1215,765,822,875,1014,995,874,372,670,780,745,604,610,267,527,509,353,378,377,330,119,165,298,190,159,152,134,122,93,96,49,44,41,38,32,29,27,26,19,17,16,13,13,5,4,4,1,0.0,
Jan 2,82594195,19578217,10305788,7675973,3212637,2542069,2595661,2129376,1893502,1755351,1642775,1625514,1426094,1406517,1312780,1231429,1057561,1069517,1015137,805102,735469,751270,636201,581402,649473,612564,596193,514500,425582,437379,420629,482178,475820,452471,440970,361472,339997,362878,326688,295765,238012,246790,261019,228752,209678,183888,219041,213378,212262,186244,196223,202880,202540,172218,165930,169321,160124,140557,156815,145399,159738,93532,150869,139471,145258,115078,139447,138236,144042,124343,125053,128867,122763,124264,107932,113562,112143,100744,87510,99610,96458,96829,92913,83743,77054,81214,77182,62587,58723,58629,48278,54771,49114,51459,52586,41615,43856,45960,46813,36403,35216,28789,20725,23941,28427,19119,22818,26848,23316,13867,22250,18642,19140,17374,17553,17714,16926,12056,14025,13642,12909,13273,13804,13722,12915,13182,11526,11840,9358,7163,10776,10015,6583,8383,9571,9037,8117,8620,6707,7887,7090,6200,7150,7148,6210,6332,5890,2577,5442,6091,5754,5840,5277,4963,4829,4714,4230,3633,3208,3800,3558,2040,3251,2760,2560,2113,2428,2447,2221,2036,2105,1806,1800,1320,1434,1474,1220,765,822,885,1014,995,893,383,689,780,745,604,610,267,527,509,353,379,380,338,121,165,298,190,159,157,134,122,93,96,49,44,41,38,32,29,27,26,19,17,16,14,13,5,4,4,1,0.0,
Jan 3,83340305,19974413,10323965,7700578,3236787,2599793,2599127,2141201,1893502,1765666,1654880,1629594,1437185,1417697,1318562,1237474,1088889,1074093,1017199,813725,740481,758473,637395,588277,650496,615902,597033,515184,431701,437379,423870,484362,476916,454867,442141,362963,341904,362979,327995,296668,240954,249733,261438,229169,211641,186408,219462,214513,212958,187463,198125,203563,202880,172965,167541,170591,162055,141979,157879,146637,160027,96926,151074,140878,145694,117373,139709,138316,144240,125086,125616,128867,122974,125049,108349,113562,112345,100744,89163,100159,96678,96894,93184,83789,77932,81305,77238,63244,58991,58662,48278,55064,49339,51688,52709,41929,44371,46242,46838,36604,35712,29131,21230,24654,28462,19753,23445,26848,23316,14491,22250,18968,19511,17848,17608,17767,16926,12225,14805,14364,12997,13273,13834,13784,12931,13182,11616,11883,9711,7379,10807,10077,6711,8567,9571,9037,8166,8620,6940,7899,7226,6200,7158,7148,6277,6351,5890,2577,5442,6091,5754,5841,5277,4963,4829,4714,4230,3683,3208,3802,3558,2212,3251,2760,2560,2169,2463,2447,2221,2036,2105,1825,1800,1320,1434,1482,1242,864,833,901,1024,995,908,395,710,780,745,604,614,284,527,509,353,381,380,338,122,165,299,190,159,157,134,122,93,96,49,44,41,40,33,29,27,26,19,17,16,15,13,5,4,4,1,0.0,
Jan 4,83934188,20258725,10340469,7716405,3260138,2654783,2611616,2155446,1893502,1775513,1666408,1634834,1443544,1427574,1322947,1243434,1100748,1078251,1018099,821163,746714,765350,640429,595085,650885,618191,597774,516019,435903,437379,427254,486634,477807,457263,443146,364574,343870,363061,328851,298208,243847,251764,261859,229763,213231,189278,220265,214614,213319,188099,199962,204293,203051,173331,168711,171130,162055,143544,159034,147997,160220,101887,151343,142187,145873,119077,140099,138475,144437,125086,126345,129404,123144,125622,108718,114083,112645,101414,90080,100159,96802,96972,93478,84024,78169,81388,77258,64264,59438,58697,48278,55168,49339,51922,52909,42497,44774,46803,46919,36772,35922,29521,21583,25116,28483,20275,23974,26848,23316,15265,22250,19309,19697,17997,17642,17767,16926,12424,14805,14364,13230,13273,13867,13784,13049,13182,11710,11920,9943,8439,10807,10127,6844,8676,9571,9037,8192,8620,7051,7914,7253,6200,7162,7149,6343,6358,5890,2577,5442,6091,5795,5842,5277,4963,4829,4714,4230,3702,3208,3802,3558,2304,3251,2760,2673,2213,2463,2447,2221,2041,2105,1825,1800,1320,1434,1494,1263,864,842,907,1024,995,909,395,716,799,745,622,620,296,527,509,353,382,380,338,124,165,299,190,159,172,134,124,93,96,49,44,41,40,33,29,27,26,19,17,16,15,13,5,4,4,1,0.0,
Jan 5,84476587,20470169,10356844,7733746,3284384,2713567,2615185,2166244,1893502,1787410,1675820,1640718,1448755,1441269,1330543,1249507,1113349,1083585,1019475,827726,759635,772103,643559,601663,650887,620641,598369,516929,441102,437379,431623,488529,478761,459660,443802,366525,346585,363155,329721,299831,247960,253736,262262,232079,214732,192139,220599,215080,214390,191088,201831,204293,204080,173331,170787,171719,162661,144796,160043,149497,160544,107997,151715,143464,146309,120818,140526,138656,144644,125858,126935,129584,123369,125919,109073,114230,112828,101975,91284,100645,96908,97061,93766,84129,78805,81512,77295,64978,59623,58721,50715,55168,49339,52091,53011,43118,45242,47087,46985,36919,36050,29950,21993,25386,28504,20823,24639,26848,23316,15829,22648,19463,19803,17997,17684,17767,16988,12740,14805,14364,13388,13374,13893,13799,13203,13182,11799,11949,10138,8966,10901,10127,6935,8848,9605,9118,8249,8702,7126,7924,7260,6200,7168,7163,6393,6358,6045,2577,5564,6117,5795,5846,5279,4963,4829,4714,4317,3722,3322,3806,3589,2406,3251,2821,2673,2229,2493,2447,2301,2042,2105,1830,1800,1363,1462,1497,1286,864,842,917,1024,1002,910,606,734,799,745,622,622,322,531,509,353,382,380,338,124,217,300,191,160,172,163,125,97,96,49,44,41,40,33,29,27,26,19,17,16,15,13,5,4,4,1,0.0,
Jan 6,85212862,20643544,10374932,7753752,3308601,2774483,2635551,2181619,1999362,1808647,1686131,1648940,1455219,1455763,1344763,1255620,1127759,1090496,1021058,833903,776967,779548,648288,611424,657338,623101,599126,517920,449530,469743,436579,490476,479693,463655,445439,368780,349238,363259,331768,301303,252317,256230,262784,233879,216699,195759,221401,216083,216286,196047,203104,205933,205390,175849,172779,172436,163671,147061,161234,152215,160853,113322,152027,144583,146921,122845,141453,139419,144852,128370,127582,129774,123398,126241,109837,114407,113392,102456,92705,100645,97127,97127,93995,84709,79319,81656,77350,65815,60283,58749,51240,55168,50987,52290,53105,43942,45726,47355,47148,37218,36050,30667,22645,25887,28519,21426,25208,26848,23316,17194,22800,19463,19964,18152,17684,17767,17088,12964,14805,14981,13612,13497,13930,13818,13246,13686,11890,11983,10338,9331,10938,10127,7110,8848,9605,9118,8308,8702,7126,7928,7260,6200,7178,7173,6493,6379,6045,2577,5606,6117,5811,5854,5279,4963,4867,4714,4323,3722,3322,3812,3589,2513,3304,2842,2724,2289,2549,2447,2326,2055,2105,1828,1800,1445,1465,1504,1308,864,842,947,1024,1002,910,643,734,799,745,624,626,346,531,509,360,383,380,347,133,225,300,191,160,172,130,125,107,96,49,49,41,40,33,29,28,26,19,17,16,15,13,5,4,4,1,0.0,
Jan 7,85980229,20870913,10395278,7810400,3332142,2836805,2660740,2201945,2019090,1835038,1702966,1662730,1466490,1469593,1356882,1261903,1149591,1099493,1022018,841027,794740,788402,654007,618646,659723,625483,599965,518898,457721,477296,446606,492594,480737,468427,447081,371657,352120,363377,334836,302856,258393,259770,263193,235491,218766,199925,222200,217377,216848,198184,204958,206840,206392,176378,174995,173591,165268,149881,162322,154550,161054,121154,152438,145590,147871,125438,142267,140202,145061,131787,128178,129888,123822,126786,110796,114662,114152,102880,94369,101120,97398,97217,94284,85328,79612,81826,77412,66684,61008,58780,52180,55168,51466,52591,53207,45171,46248,47355,47430,37549,36702,31751,23495,26310,28536,22104,25781,26848,23316,17804,22855,19667,20156,18152,17864,17767,17131,13165,14805,15111,13776,13632,13967,13845,13330,13686,11988,12052,10539,9636,11018,10127,7337,9058,9641,9173,8348,8702,7563,7945,7395,7160,7186,7192,6586,6407,6045,2577,5716,6117,5832,5855,5286,4969,4867,4726,4342,3807,3322,3833,3604,2626,3304,2863,2739,2328,2549,2447,2362,2083,2106,1832,1800,1445,1504,1505,1349,864,885,978,1024,1002,918,692,755,799,745,632,640,373,531,509,380,385,386,350,149,237,301,191,160,172,130,125,107,105,53,49,41,40,33,29,28,26,19,17,16,15,13,5,4,4,1,0.0,
Jan 8,86789489,21170475,10413417,7873830,3355794,2889423,2682250,2220361,2025560,1866887,1719771,1676171,1479835,1481764,1365645,1268263,1170590,1105169,1024432,850745,809601,797723,658958,626799,660703,629176,600755,519905,465615,482333,456533,495075,482083,472391,448678,373663,353907,363485,337743,304071,265299,264956,263605,236028,221754,204699,222885,218385,217946,201164,206796,206840,207259,177493,176837,175038,166981,152254,163573,156539,161415,127657,152978,146809,148294,128465,142777,141074,145271,134545,128772,130070,124899,127227,111694,114908,114402,103515,95934,101120,97733,97306,94633,85494,79898,81991,77485,67358,61705,58813,52967,55461,51610,52900,53332,46545,46780,47948,47591,37772,37074,32537,24297,26682,28547,23048,26208,26848,23316,18675,22855,19961,20376,18485,17974,17767,17195,13479,15440,15214,13967,13825,13988,13862,13368,13686,12084,12146,10773,9841,11108,10203,7611,9058,9641,9173,8348,8702,7713,7959,7395,7160,7196,7200,6666,6407,6045,2577,5811,6117,5845,5857,5286,4969,4867,4726,4378,3807,3322,3838,3604,2798,3304,2892,2757,2358,2583,2447,2372,2106,2108,1832,1800,1445,1512,1509,1362,864,885,1018,1035,1002,941,743,767,799,745,636,643,418,539,509,382,386,389,356,149,249,302,191,163,173,130,125,107,105,53,49,41,40,33,29,28,26,19,17,16,15,13,5,4,4,1,0.0,
Jan 9,87589201,21447670,10413417,7961673,3379103,2957476,2701658,2237890,2025560,1891581,1737347,1690006,1493569,1493243,1376389,1274514,1192570,1110015,1026690,858914,822716,808340,663779,635134,660703,633381,601424,520690,473212,489471,466709,497510,483852,475604,450221,375664,356125,363582,340459,305163,273154,269091,264159,238086,224704,210139,223417,219148,219347,205236,208601,206840,208012,178538,178497,176407,168891,154903,164395,158180,161794,135884,153473,147810,148669,131108,143494,142064,145466,138518,129483,130070,125557,127572,112856,115322,114402,104002,97478,101657,97954,97387,95030,85594,82067,82138,77530,67999,62378,58836,53792,55461,51610,52900,53400,47782,47305,48255,47740,38068,37296,33089,25326,27255,28571,23807,26674,26848,23316,19660,23173,20482,20672,18736,18066,17767,17241,13823,16051,15214,14212,13970,14040,13904,13411,13686,12179,12237,10973,9841,11152,10241,7925,9058,9694,9247,8489,8702,7866,7969,7427,7160,7210,7213,6750,6469,6232,2577,5883,6117,5867,5865,5289,4969,4867,4726,4405,3845,3322,3841,3604,2928,3304,2908,2782,2419,2628,2447,2379,2130,2108,1832,1800,1556,1531,1512,1395,864,885,1041,1054,1002,956,780,771,811,745,641,644,448,539,509,383,387,391,359,204,254,302,191,167,173,131,125,114,106,53,49,41,40,34,29,29,26,19,17,16,15,13,5,4,4,1,0.0,
Jan 10,88460015,21761186,10450284,8013708,3401954,3017413,2721692,2257866,2094941,1908527,1755568,1703352,1507931,1502780,1385522,1280438,1214176,1115026,1029471,866126,831165,818386,668202,644348,664848,637742,602331,521382,481306,489471,476187,499517,485797,477767,451637,378110,357894,363692,342237,305959,280775,273037,264521,239229,227702,215553,224050,220349,219993,208209,210368,209369,208406,180644,180240,177614,171154,157514,165250,159671,162131,140727,153900,148799,149093,133559,144293,143127,145672,139281,130049,130070,126396,127792,113994,115667,115379,104002,97478,101913,98184,97518,95317,86150,82630,82273,77572,68663,63033,58865,53792,55772,52738,53480,53489,48952,47840,48574,47876,38392,37554,33516,26567,27723,28582,24339,27011,26848,23316,20499,23254,21361,21000,18967,18156,17767,17241,14188,16051,15214,14396,14113,14065,13904,13455,13705,12274,12237,11180,10298,11202,10241,8306,9461,9694,9247,8586,8702,7866,7977,7565,7160,7219,7218,6854,6469,6232,2577,5883,6117,5880,5866,5289,4973,4867,4726,4405,3932,3322,3857,3640,3021,3304,2921,2803,2510,2650,2447,2379,2143,2108,1862,1800,1556,1531,1513,1408,1150,986,1053,1054,1002,965,808,810,811,745,646,646,502,539,509,395,391,392,359,204,254,302,191,169,173,135,125,114,106,53,49,41,40,34,29,29,26,19,17,16,15,13,5,4,4,1,1.0,
Jan 11,89140923,22009275,10466595,8075998,3425269,3072353,2737501,2276491,2105620,1921024,1771363,1714409,1524036,1511918,1390385,1286406,1231597,1119314,1032275,872764,835454,828026,671284,652473,665222,641923,602938,522453,486604,489471,483689,502416,487690,479930,452532,379707,359689,363809,343656,307209,286752,276772,264780,239780,230578,219296,224651,221070,220223,209069,212201,209369,208511,182103,181486,178649,172798,159276,165949,160446,162888,147613,154314,149792,149391,135992,144738,143243,145865,139281,130604,130608,127226,128316,115026,116172,115635,104745,100087,102144,98271,97652,95558,86494,83119,82380,77611,69114,63595,58907,55473,55772,52909,53733,53538,49568,48380,48905,47980,38590,37742,33805,27728,28259,28595,24974,27350,26848,23316,21477,23254,21939,21245,19157,18193,17767,17241,14576,16051,15512,14529,14113,14109,13942,13548,13705,12364,12392,11435,10547,11266,10272,8575,9630,9694,9359,8586,8702,8082,7995,7600,7160,7244,7226,6948,6541,6255,2577,5883,6117,5890,5871,5289,4973,4867,4726,4405,3957,3877,3857,3649,3109,3304,2958,2834,2537,2650,2447,2379,2143,2108,1866,1800,1556,1531,1514,1429,1184,1019,1057,1066,1002,994,878,813,811,745,652,646,525,539,509,438,392,394,359,225,254,304,191,176,173,135,125,114,106,53,49,41,40,34,29,29,26,19,17,16,15,13,5,4,4,1,1.0,
Jan 12,89707109,22229803,10479179,8105790,3448203,3118522,2740656,2289021,2111782,1933826,1786900,1722217,1534039,1522138,1390385,1292614,1246643,1124430,1035184,878263,844799,836718,673271,660289,665223,645892,603739,523302,493501,489471,489293,504293,489736,482094,452988,381035,361782,363949,344352,308670,292212,279196,265268,241637,232982,222391,224827,221506,220982,211479,213993,209369,209131,183282,182725,179405,173896,162350,166877,161348,162888,152539,154841,150753,149662,138224,145179,143243,146068,139713,131186,130780,127945,128616,115733,116610,115758,105378,101331,102369,98334,97754,95879,86597,83468,82495,77611,69651,63971,58929,55901,56230,52909,53939,53584,49899,48949,48905,48022,38790,37808,34138,28596,28602,28614,26186,27638,27336,23316,22297,23482,22334,21533,19434,18254,18001,17340,15007,16051,15512,14769,14221,14159,13967,13637,13705,12462,12433,11711,10834,11303,10272,9027,9784,9740,9359,8682,8834,8279,8004,7664,7160,7265,7234,7008,6574,6255,5170,6042,6227,5898,5877,5296,4973,4867,4726,4458,3978,3877,3876,3662,3170,3363,2972,2846,2589,2650,2447,2412,2143,2109,1866,1800,1556,1555,1515,1442,1184,1019,1070,1066,1046,994,878,825,819,745,652,646,577,545,509,438,392,396,359,249,285,305,224,176,173,135,128,114,106,53,49,41,40,34,29,29,26,19,17,16,15,13,5,4,4,1,1.0,
Jan 13,90386161,22428591,10495147,8131612,3471053,3164055,2760259,2303263,2170023,1953426,1801903,1730921,1541633,1531947,1404905,1299022,1259748,1130839,1037350,882924,855600,846765,676968,668181,671887,649135,604549,524020,503278,506830,496552,506701,491258,484930,453789,382763,363924,364096,345710,309846,297315,281353,265698,243255,236225,226948,225346,222567,222117,215055,215724,211901,209881,184788,183801,180061,175288,164936,167674,163042,163128,155591,155335,151723,150138,141533,146020,145004,146279,141587,131737,130944,128701,128992,116535,116983,116200,106030,102601,102641,98432,97933,96195,87117,84427,82587,77716,70204,64627,58946,56614,56421,54228,54218,53690,50777,49537,48905,48175,39011,37948,34991,29757,28871,28634,26901,27897,27336,25730,23239,23894,22996,21685,19434,18343,18001,17403,15494,16051,15611,14958,14370,14218,13989,13760,13705,12558,12506,11919,10991,11332,10386,9400,9950,9740,9359,8745,8834,8463,8004,7687,7160,7273,7239,7064,6588,6255,5934,6068,6227,5912,5879,5296,4973,4916,4726,4464,4045,3969,3885,3670,3240,3413,2993,2864,2668,2706,2447,2427,2166,2111,1872,1876,1596,1575,1520,1456,1288,1062,1092,1090,1046,994,884,831,823,745,656,646,577,546,509,478,398,403,362,253,310,306,224,176,174,139,128,114,109,53,51,41,40,34,32,29,26,19,17,16,15,13,5,4,4,1,1.0,
Jan 14,91107572,22645757,10512093,8195637,3495816,3211580,2783908,2319036,2195564,1978590,1816082,1744704,1556028,1541501,1414362,1305339,1278303,1138764,1040231,889049,866522,858043,681392,674473,674034,652525,605416,524910,512523,512172,507108,508824,492700,487921,455055,385009,366191,364271,347636,310968,302623,285093,266143,244612,239587,231936,225820,224315,223097,217978,217696,211901,210416,186383,185159,181093,176761,168568,168652,164414,163576,159144,155874,152719,150946,144518,146688,145986,146480,143705,132260,131086,129805,129445,117590,117299,116668,106670,103999,102641,98555,98117,96470,87590,84639,82723,77777,70728,65334,58984,57279,56981,54646,54517,53775,52032,50229,49539,48365,39335,38085,35621,31100,29183,28650,27846,28124,27336,25730,24256,24186,23726,21883,19495,18425,18001,17483,16044,16051,15611,15079,14526,14277,14025,13852,13705,12660,12592,12124,11262,11366,10415,9991,10122,9819,9406,8818,8834,8546,8004,7738,7160,7286,7250,7178,6653,6255,6241,6154,6227,5935,5891,5316,4973,4916,4726,4469,4109,3998,3890,3670,3324,3413,3003,2887,2709,2723,2447,2437,2180,2113,1872,1877,1596,1589,1521,1469,1341,1103,1128,1105,1046,1011,968,833,833,745,661,647,610,546,509,490,411,406,362,284,315,307,224,176,174,139,128,114,109,53,51,41,40,34,32,29,26,19,17,16,15,13,5,4,4,1,1.0,
Jan 15,91818790,22871330,10527683,8256536,3520531,3260262,2804780,2336279,2211967,2000958,1831980,1757429,1571901,1550463,1422320,1311810,1296806,1146963,1043640,895603,874605,869600,684917,681328,675088,656712,606186,525723,521939,518779,517806,511921,494605,490393,456334,386523,368072,364440,349149,312043,309214,288408,266546,245789,242969,237132,226200,226002,223812,220707,219663,211901,210951,187487,186661,182156,178818,170895,169388,165560,163972,163057,156434,153741,151687,147855,147283,146937,146689,145478,132865,131264,131009,129922,118592,117811,117011,107434,105478,102860,98693,98290,96812,87986,84816,82857,77845,71240,65994,59029,57734,56981,54815,54796,53831,52982,50899,50157,48479,39593,38085,36096,32800,29570,28658,28475,28365,27336,25730,25368,24369,24269,22178,19706,18613,18001,17590,16549,16051,15893,15272,14654,14325,14051,13915,13705,12760,12664,12327,11450,11419,10569,10494,10316,9819,9406,8868,8834,8809,8021,7738,7709,7305,7263,7247,6696,6611,6356,6228,6227,5948,5900,5316,4973,4916,4744,4488,4109,4058,3893,3670,3431,3413,3016,2933,2773,2723,2447,2439,2218,2114,1890,1877,1805,1607,1531,1479,1403,1150,1145,1119,1046,1030,1007,834,834,745,664,647,626,546,509,502,426,414,367,340,318,308,224,184,174,139,128,114,109,53,51,41,40,34,32,30,26,19,17,16,15,13,5,4,4,1,1.0,
Jan 16,92506805,23097938,10542841,8324294,3544623,3316023,2825764,2352423,2211967,2019636,1849101,1770715,1588369,1558777,1429612,1318295,1311686,1154692,1048662,901696,883906,882418,688270,688891,675089,661180,606991,526485,521939,523486,528469,514338,496646,492787,457625,387995,369823,364613,350587,312851,315910,291285,266816,247025,246376,243286,226549,226866,224575,222752,221604,211901,211503,188969,187320,183242,181016,175065,170210,166680,164235,166548,156964,154620,152263,151066,147860,147560,146885,147016,133378,131264,131963,130326,119640,118415,117011,108017,107345,102860,98859,98459,97021,88389,85954,82986,77904,71820,66635,59059,57734,56981,54815,55092,53938,54066,51594,50157,48622,39911,38085,36691,34278,29570,28669,29989,28609,27336,25730,26109,24856,24269,22396,20625,18613,18001,17635,17096,16051,15893,15447,14776,14375,14065,13992,13705,12850,12776,12327,11680,11456,10635,10494,10573,9819,9443,8946,8834,8809,8032,7800,7709,7320,7276,7300,6745,6611,6371,6296,6227,5956,5903,5316,4973,4916,4744,4498,4220,4105,3897,3693,3509,3413,3029,2959,2807,2767,2447,2441,2218,2115,1890,1882,1805,1629,1536,1491,1469,1185,1169,1125,1046,1062,1036,837,834,745,667,648,626,547,509,543,436,417,368,388,329,308,224,184,174,139,128,121,109,53,52,41,41,34,32,30,26,19,17,16,15,13,5,4,4,1,,0.0
Jan 17,93219698,23344423,10557985,8393492,3568209,3357365,2846971,2368733,2211967,2033518,1870179,1783047,1609735,1566327,1435582,1324395,1325659,1160682,1056023,906880,889159,896642,691488,695707,679355,665493,607587,527063,539731,523486,539416,516770,498691,494348,458865,389752,371216,364753,351828,313557,322296,293592,267056,247805,249808,249158,226951,230808,224954,223325,223537,215947,211736,191339,188199,184187,183589,177231,170637,167516,164586,169780,157399,155507,152640,155095,148370,148598,147089,148556,133869,131264,132412,130772,120789,118856,117793,108017,108943,103611,99082,98625,97268,88749,86523,83109,77968,72340,67216,59083,57734,56981,55753,55455,53984,55097,52313,50157,48757,40101,38085,37079,36074,30198,28689,30946,28811,27336,26279,26881,24856,25862,22738,20625,18765,18001,17635,17501,16051,15893,15588,14975,14462,14098,14096,13714,12942,12901,12736,12054,11529,10781,11785,10850,9899,9443,9038,8834,9000,8032,7823,7709,7343,7283,7409,6805,6611,6371,6296,6227,5956,5903,5356,4973,4916,4744,4498,4272,4132,3897,3693,3575,3413,3044,2970,2855,2778,2478,2441,2252,2116,1900,1887,1877,1629,1537,1512,1577,1236,1194,1130,1046,1079,1036,842,834,745,670,649,689,547,509,576,439,418,374,450,329,309,224,187,174,139,128,121,110,55,52,41,44,34,32,30,26,19,17,16,15,13,5,4,4,1,,0.0
Jan 18,93812404,23556676,10571773,8455059,3591066,3395963,2863613,2381277,2211967,2040659,1891034,1791979,1630258,1572763,1438914,1330411,1337926,1163716,1060567,912486,891852,907929,693644,702183,679771,669832,608232,527632,544791,523486,549801,519291,500577,495910,459671,391113,372533,364929,352703,314514,328294,296269,267322,247915,253261,252812,227273,230808,225128,224385,225461,215947,211813,193118,189088,184187,185680,180090,171215,167992,164676,172726,157777,156397,152854,158434,148607,148888,147277,149131,134318,131790,133507,131195,121648,119306,117973,109088,110387,103833,99162,98794,97607,88938,87372,83178,78036,72729,67690,59113,58445,57714,55859,55808,54062,55664,53062,50784,48844,40337,38085,37344,37605,30363,28708,31669,28968,28010,26279,27203,25241,26551,23028,20692,18875,18301,17635,17501,16648,16039,15742,14975,14513,14114,14161,13714,13036,12993,12944,12423,11529,10781,12470,11032,9899,9443,9038,8834,9188,8032,7839,7709,7370,7286,7469,6851,6611,6371,6296,6227,5956,5905,5356,4973,4916,4744,4498,4302,4156,3910,3703,3637,3413,3047,3006,2895,2778,2478,2441,2260,2116,1906,1887,1877,1629,1537,1517,1592,1245,1205,1142,1046,1102,1095,842,834,745,670,649,688,547,509,611,439,419,374,478,329,309,224,187,174,139,129,121,110,55,52,41,44,34,32,30,26,19,17,16,15,13,5,4,4,1,,0.0
Jan 19,94124606,23556676,10581837,8488099,3612800,3433498,2866665,2390102,2211967,2052028,1908413,1799243,1641428,1578625,1443804,1336217,1346936,1167655,1064909,917308,899503,917015,695153,708619,679771,673750,609029,528329,550465,523486,556503,521211,502736,497472,460144,391981,374111,365099,353276,315544,334328,298019,267644,249465,256732,255956,227391,231644,225648,226294,227360,215947,212383,194966,189895,184187,187183,181885,171739,168708,164912,174843,158244,157275,153112,161740,148925,149146,147504,149434,134795,132011,134111,131546,122160,119803,118083,109869,112004,104092,99227,99026,97940,88992,87939,83268,78091,73115,67982,59127,58651,58065,55859,56075,54141,55908,53750,51437,48881,40505,38085,37941,38207,30753,28721,32378,29130,28010,26279,27892,25305,27446,23224,20907,18926,18301,17697,18443,18630,16039,15942,15055,14582,14165,14274,13714,13132,13046,13187,12594,11580,10852,13027,11259,10019,9552,9083,8948,9352,8067,7855,7709,7393,7287,7527,6908,6789,6371,6435,6302,5970,5906,5365,4973,4916,4744,4520,4324,4204,3933,3703,3670,3413,3054,3014,2919,2787,2478,2459,2260,2117,1906,1896,1877,1656,1539,1526,1769,1253,1212,1142,1117,1102,1095,843,834,745,670,649,746,547,509,621,441,428,374,494,340,309,281,189,174,139,129,121,110,55,52,41,44,35,32,30,26,20,17,16,15,13,5,4,4,1,,0.0
Jan 20,95847815,23884299,10595660,8511770,3633952,3466853,2890012,2400598,2423001,2068002,1923132,1807428,1649502,2399781,1450747,1342134,1356716,1172038,1068802,921289,909131,927380,697898,715072,685740,677151,609852,529031,560614,533259,566958,523011,504084,499721,461390,393444,375799,365325,354252,316427,339774,299361,267992,249934,260223,260315,227696,232568,226550,228778,228716,219527,212927,196591,190619,186016,188733,184483,172399,172060,165221,176839,158822,158174,153506,165371,149462,150277,147729,151137,135243,132146,134938,131727,122588,120444,118383,110465,113305,104341,99308,99191,98260,89392,88373,83430,78163,73515,68568,59157,59033,58431,56978,56372,54278,56720,54419,51437,48966,40722,38534,38544,39515,30995,28730,32863,29294,28010,28522,28675,25383,28270,23392,21139,19011,18301,17697,18773,18630,16039,16129,15187,14633,14172,14419,13714,13224,13139,13443,12653,11592,10907,13880,11548,10019,9552,9194,8948,9352,8068,7880,7709,7399,7309,7624,6931,6918,7018,6451,6302,5970,5910,5365,4974,4953,4744,4523,4383,4225,3938,3762,3712,3582,3061,3030,2977,2787,2510,2470,2260,2119,1911,1898,1877,1669,1540,1536,1864,1322,1240,1151,1117,1105,1095,848,843,745,683,650,762,556,509,656,448,432,380,540,346,309,281,190,174,139,129,121,110,55,52,41,44,35,32,30,26,20,17,16,15,13,5,4,4,1,,2.0
Jan 21,96483572,24037236,10610883,8573864,3655839,3505758,2916577,2414166,2461832,2088400,1939071,1819569,1668396,2406216,1457755,1348316,1369426,1177621,1073214,926874,917359,939948,700898,719751,688270,680740,610598,529687,569215,538001,581605,524783,505939,502438,462542,395078,377445,365563,355662,317405,345221,301534,268310,251071,263729,264647,228028,234315,227326,231242,230494,221053,213409,198123,191505,186877,191090,188373,172896,173819,165528,179324,159264,158963,154118,169379,149973,151324,148000,152851,135721,132317,136068,132034,123359,121117,118717,111124,114691,104606,99444,99414,98573,89463,88513,83585,78219,73916,69238,59197,59456,58822,57454,56692,54403,57808,55189,51437,49204,41166,38628,39212,40949,31253,28740,33446,29472,28010,28522,29408,25597,29396,23642,21301,19093,18301,17808,19122,18630,16039,16280,15311,14712,14207,14487,13714,13313,13224,13789,12795,11615,10963,14851,11860,10120,9584,9308,8948,9553,8075,7897,7794,7415,7314,7709,6950,6981,7035,6523,6302,5975,5913,5365,4974,4953,4744,4527,4459,4249,3950,3762,3793,3582,3077,3051,3012,2815,2510,2480,2283,2119,1911,1901,1910,1677,1544,1568,1933,1358,1262,1170,1117,1125,1156,850,844,745,684,652,844,556,509,713,453,432,381,602,348,309,281,190,174,139,129,121,113,55,53,41,44,35,32,30,26,20,17,16,15,13,6,4,4,1,,2.0
Jan 22,97146939,24225155,10625428,8638249,3677352,3543650,2939128,2428221,2499326,2106262,1956979,1831681,1688944,2412505,1464448,1354520,1380807,1182969,1078675,932693,924847,951651,703776,725495,690633,685107,611407,530271,577467,542957,595149,527146,507717,504630,463706,396857,379093,365775,356973,318181,351020,303777,268646,251974,267258,269241,228246,236189,227969,233027,232298,222701,213864,199672,192265,187712,193745,190884,173470,174846,165711,181922,159834,159715,154788,172549,150479,152395,148258,154306,136166,132486,136898,132326,124447,121691,119206,111746,116653,104852,99630,99589,98878,89817,88728,83703,78272,74261,69916,59235,59887,59480,57871,56988,54483,58710,56076,52388,49319,41565,38806,39701,42213,31515,28750,34294,29636,28010,28522,30047,25751,30225,23910,21397,19177,18301,17820,19530,18630,16039,16423,15431,14765,14236,14550,13714,13398,13307,14017,13104,11642,10963,16048,12170,10120,9584,9379,8948,9719,8088,7911,7794,7430,7321,7783,7015,7158,7555,6562,6302,5981,5916,5365,4974,4953,4744,4535,4505,4267,3950,3762,3845,3582,3088,3081,3065,2833,2517,2493,2305,2119,1919,1901,1913,1703,1546,1584,2082,1380,1287,1171,1117,1164,1156,851,849,745,684,652,866,556,509,718,456,432,381,655,349,310,281,190,174,139,129,121,113,55,53,41,44,35,32,30,26,20,17,16,15,13,6,4,4,1,,2.0
Jan 23,97795819,24413331,10639684,8697368,3698273,3583911,2961737,2441854,2534055,2122679,1972345,1843077,1711283,2418472,1470879,1360825,1392568,1187897,1082907,938455,933361,965283,706475,731450,693178,690066,612092,530890,584667,547166,609136,528891,509887,506775,464844,398636,380802,365988,358317,318911,356074,305752,268948,252972,270810,272411,228526,237158,228568,234571,234111,224395,214430,201145,193038,188477,196393,193273,173964,175851,165909,184279,160367,160463,155302,176180,151041,152956,148521,155752,136591,132486,138044,132881,125518,122260,119420,112540,118138,105124,99769,99767,99210,90124,89282,83796,78317,74692,70655,59250,60259,59480,58278,57277,54559,59586,56863,52672,49438,41915,38935,40184,43333,31848,28755,34992,29758,28010,28522,30523,26315,30848,24210,21595,19269,18301,17852,20060,18630,16222,16542,15560,14830,14262,14658,13714,13479,13381,14219,13302,11676,11035,17363,12443,10278,9701,9416,9056,9857,8101,7937,7794,7450,7340,7880,7067,7250,7555,6623,6370,5981,5917,5401,4974,4953,4744,4537,4505,4267,3950,3773,3881,3643,3097,3093,3104,2861,2525,2504,2321,2122,1919,1914,1940,1708,1548,1592,2160,1438,1311,1182,1191,1193,1156,851,849,745,686,652,972,556,509,755,456,432,382,690,350,310,376,192,175,147,129,121,113,55,64,43,44,35,34,30,26,20,17,16,15,13,6,4,4,1,,2.0
Jan 24,98417863,24604325,10654533,8753920,3719400,3617463,2985259,2455185,2567919,2134936,1987418,1853830,1732290,2424328,1475445,1367032,1404839,1191812,1088096,943917,937617,977474,709194,737407,694478,694647,612870,531326,592048,547166,624469,530818,511679,508209,465769,400187,382285,366185,359574,319519,360661,307793,269180,253518,274376,276587,228688,238232,228920,236476,235859,224395,214696,202507,193917,189308,198257,195314,174413,176624,166036,186184,160901,161143,155937,180455,151646,153890,148772,157293,137098,132486,139182,133298,126370,122795,119840,112540,120602,105369,99898,99931,99456,90471,90073,83900,78375,75084,71441,59260,60565,60115,58649,57656,54595,60496,57587,52672,49581,42334,39044,40716,44592,32213,28761,36170,29887,29617,28522,31007,26612,31628,24460,21868,19367,18301,17852,20627,18630,16222,16658,15664,14885,14300,14772,13714,13557,13414,14330,13500,11700,11099,18439,12647,10278,9701,9499,9056,9967,8101,7965,7794,7456,7340,7945,7143,7544,7656,6623,6370,5981,5918,5401,4980,4953,4754,4537,4636,4321,3958,3773,3905,3643,3104,3120,3137,2874,2531,2504,2335,2122,1926,1914,1940,1708,1548,1611,2260,1472,1345,1182,1191,1244,1243,854,849,745,686,652,1033,556,509,770,458,432,383,720,350,310,376,195,175,147,132,137,113,55,67,43,44,35,37,30,26,20,17,20,15,13,6,4,4,1,,2.0
Jan 25,98953537,24775208,10667736,8816254,3738690,3647467,3003694,2466813,2584926,2141665,2002969,1862192,1752347,2429605,1478119,1372977,1412986,1194328,1093938,948821,940004,989262,711010,742531,694858,699110,613763,531799,594466,547166,636190,532412,513619,509643,466289,401534,383603,366371,360418,320453,364813,309851,269450,253816,277955,279597,228975,241292,229054,237027,237611,224395,214817,203946,194671,189308,199989,197373,174946,177166,166094,187554,161285,161817,156202,183801,151980,154212,149019,157838,137574,133044,140238,133767,127081,123245,120043,113688,121566,105596,99983,100136,99817,90654,91028,83971,78429,75521,72274,59308,60803,60794,58760,58048,54672,61008,58430,53218,49704,42580,39149,40975,45337,32425,28766,36967,30017,29617,28522,31320,26850,32418,24728,21868,19399,18743,17852,21261,18630,16222,16861,15664,14993,14319,14879,13714,13628,13489,14484,13687,11722,11181,19395,12975,10278,9701,9549,9056,10038,8101,7983,7887,7462,7340,8000,7222,7544,7656,6623,6370,5990,5919,5401,4980,4953,4754,4537,4662,4353,3958,3865,3935,3643,3116,3139,3161,2874,2533,2504,2341,2122,1932,1914,1940,1708,1548,1627,2268,1479,1357,1188,1191,1287,1341,855,849,745,686,652,1033,556,509,810,458,432,383,738,350,314,376,195,175,148,132,137,113,55,67,43,44,35,37,30,26,20,17,21,15,13,6,5,4,1,,2.0
Jan 26,99363689,24916899,10676838,8844577,3756931,3669662,3007706,2475372,2593382,2148077,2015485,1867223,1763219,2435247,1482722,1379286,1417537,1197107,1099013,952950,946946,999256,712561,747383,694858,703178,614576,532401,599390,547166,643113,534041,514996,511077,466626,402478,385126,366584,360877,321298,368143,311244,269789,254822,281546,282249,229032,241567,229502,238617,238635,227165,215589,205162,195296,189308,201037,198636,175416,177934,166232,188923,161777,162486,156426,186849,152412,154430,149296,158139,137957,133253,140929,134132,127652,123709,120143,114430,122996,105854,100052,100291,100230,90717,91596,84068,78471,75875,72812,59352,61082,62135,58760,58359,54750,61231,59167,53479,49733,42772,39188,41330,46146,32650,28777,37633,30143,29617,28522,31646,26850,32781,24993,22047,19476,18743,17912,21828,19654,16222,16999,15702,15102,14375,15012,13714,13697,13557,14484,14646,11750,11286,19987,13311,10411,9843,9596,9056,10103,8101,7983,7887,7473,7347,8057,7298,7590,8044,6723,6370,5990,5920,5454,4980,4953,4754,4548,4662,4374,4008,3865,3966,3643,3122,3173,3182,2874,2533,2522,2341,2122,1934,1927,1940,1749,1549,1643,2350,1481,1368,1189,1191,1287,1387,856,849,745,686,652,1069,568,509,886,460,432,383,746,354,321,376,201,175,148,132,137,113,55,67,44,44,35,37,30,26,20,17,23,16,13,6,5,4,1,,2.0
Jan 27,99907059,25050308,10689527,8871393,3774672,3689750,3029792,2485956,2660921,2161279,2027746,1874801,1771740,2442350,1489512,1385706,1423578,1200883,1102795,956668,956155,1012350,715438,753011,701575,706500,615380,532916,608104,556297,653878,535914,516166,515684,467493,403923,387206,366807,361881,322241,371680,312158,270092,255564,285147,285754,229358,242146,230359,241392,239482,230188,216416,206305,195948,190745,202818,200662,176076,179212,166427,189851,162282,163129,156972,190434,153226,155459,149595,161719,138368,133407,141984,134569,128366,124112,120532,115299,124299,106097,100193,100431,100689,91161,92069,84175,78510,76426,73691,59366,61314,62135,60256,58647,54854,61924,59922,53479,49852,43120,39261,41966,47622,32957,28780,38041,30252,29617,29066,32004,27237,34055,25126,22047,19553,18743,17961,22614,20658,16222,17192,15779,15247,14379,15153,13714,13762,13619,14831,15465,11770,11286,20830,13885,10411,9843,9638,9056,10157,8140,8006,7887,7490,7359,8112,7317,7590,8047,6742,6370,5992,5923,5454,4981,4992,4784,4548,4682,4374,4012,3882,3992,3786,3127,3194,3225,2915,2542,2543,2350,2123,1938,1932,1970,1758,1551,1656,2425,1542,1399,1210,1191,1287,1401,856,850,745,686,654,1116,568,509,921,460,432,383,763,356,359,376,201,176,148,132,137,113,55,68,44,44,35,37,30,26,20,17,23,16,13,6,5,4,1,,2.0
Jan 28,100485311,25198841,10701193,8933356,3793810,3715058,3056198,2501147,2688332,2178828,2041352,1885210,1788905,2449839,1496665,1392314,1430648,1206412,1107239,961413,964660,1024298,718612,757022,704027,709888,616259,533444,615928,560483,668951,537477,518407,517535,468383,405529,389045,367023,363450,323111,375607,313834,270375,256287,289086,289660,229584,243535,230978,243427,241133,231716,217014,207455,196540,191345,205208,202323,176679,180170,166669,191182,162862,163761,157626,194114,154083,156497,149933,163235,138802,133574,142880,135045,129394,124525,120864,116064,126160,106359,100323,100548,101116,91555,92244,84303,78556,76923,74567,59391,61594,62751,60716,58948,54891,63027,60694,53989,50089,43616,39314,42656,48911,33255,28786,38680,30380,29617,29291,32304,27456,34926,25407,22177,19580,18743,17996,23439,20658,16222,17400,15857,15390,14417,15241,13714,13823,13722,15051,16221,11788,11286,21660,14166,10536,9904,9716,9056,10217,8161,8037,7887,7496,7361,8174,7346,7884,8142,6768,6370,6000,5926,5492,4981,4992,4784,4558,4870,4433,4019,3882,4024,3786,3130,3236,3269,2941,2544,2550,2373,2124,1943,1936,2085,1767,1553,1667,2492,1584,1413,1221,1191,1312,1427,856,851,745,688,654,1130,568,509,969,461,432,384,798,360,369,376,201,176,148,132,137,113,55,68,44,44,37,38,30,26,20,17,23,16,13,6,5,4,1,,2.0
Jan 29,101068347,25354044,10720048,8996876,3813048,3743738,3079545,2515507,2705001,2192850,2055305,1896053,1806849,2457118,1502810,1398841,1437798,1211593,1113970,966135,972642,1037993,721513,761226,706428,714143,617202,533953,622416,564591,685383,539387,519575,518758,469139,406767,390637,367276,364909,324169,379516,315400,270588,256956,293052,293157,229793,246000,231539,246008,242851,233156,217574,208610,197208,192066,208074,204351,177426,181028,166728,193645,163450,164282,158309,198208,154796,157595,150280,164583,139152,133728,144007,135594,130163,124958,121194,116779,127024,106610,100422,100641,101503,91891,92541,84377,78602,77392,75454,59425,61960,63883,61162,59264,54939,63992,61586,53989,50228,44039,39424,43343,50319,33449,28794,39328,30538,29617,29340,32646,27695,35833,25711,22321,19672,18743,18033,24105,20658,16460,17585,15932,15496,14435,15435,13714,13885,13784,15283,17023,11816,11402,22304,14529,10536,9904,9779,9056,10377,8167,8056,7887,7509,7365,8243,7380,8231,8142,6809,6370,6001,5929,5492,4981,4992,4784,4567,4922,4474,4019,3929,4057,3786,3134,3282,3296,2969,2605,2550,2384,2124,1946,1936,2085,1807,1651,1692,2598,1604,1430,1232,1191,1387,1443,857,851,745,689,654,1130,568,509,1029,463,432,385,827,362,391,376,215,180,148,132,137,117,55,69,44,44,37,38,30,26,20,17,24,16,13,6,5,4,1,,2.0
Jan 30,101581407,25512197,10733131,9058687,3832080,3743738,3102215,2529070,2705001,2205171,2067575,1905524,1825519,2464030,1508674,1405414,1443939,1216278,1119685,970564,980714,1051795,724250,766103,707837,718749,618147,534407,630142,566957,698583,541031,521413,518759,469990,408373,392354,367543,366279,325033,383083,316808,270745,257632,297014,296282,229935,246000,232090,246999,244718,234569,218269,210412,197664,192637,210726,206030,178001,181734,166901,193892,164108,164871,158860,203933,155678,158336,150621,165887,139515,133728,144992,136365,130917,125364,121497,117650,128674,106887,100563,100747,101971,92193,92968,84453,78672,77850,76350,59449,62276,63883,61289,59606,55008,64923,62445,53989,50388,44402,39490,43747,51624,33692,28800,39887,30657,29617,29380,32952,27935,37108,25895,22454,19723,18743,18060,24764,21293,16460,17721,16028,15614,14451,15462,13714,13944,13897,15471,17953,11845,11460,23020,14784,10748,9996,9837,9056,10423,8167,8063,7887,7520,7372,8293,7470,8231,8278,6858,6370,6002,5930,5516,4981,4992,4784,4574,4922,4489,4090,3961,4082,3786,3140,3382,3321,2996,2614,2561,2398,2124,1947,1939,2135,1822,1739,1710,2646,1613,1457,1245,1191,1435,1447,858,851,745,690,654,1157,568,509,1106,464,432,387,865,362,414,376,218,180,148,132,141,117,55,70,44,47,37,38,30,26,20,17,24,16,13,6,5,4,1,,2.0
Jan 31,102083337,25676612,10746183,9118513,3850439,3743738,3126351,2541783,2705001,2216363,2077633,1915362,1841893,2470901,1513385,1411731,1449236,1219455,1125875,974775,984774,1066313,726918,770793,707837,722900,618922,534770,637242,566957,711018,543214,523516,518759,470691,409892,393897,367813,367586,325674,386742,318253,270854,258111,300661,298913,230066,249779,232426,249913,246570,234569,218618,212553,198095,193276,213392,207468,178516,182539,167026,195303,164622,165418,159513,209661,156473,159118,150984,166473,139864,133728,146110,137021,131886,125776,121891,117650,130557,107122,100675,100877,102626,92518,93406,84529,78711,78205,77251,59507,62575,65427,61289,59891,55023,65708,63293,53989,50547,44402,39533,44208,53352,33828,28806,40529,30770,29617,29380,33271,28178,37705,26213,22603,19782,18743,18060,25674,21293,16460,17903,16083,15736,14475,15527,13714,13998,13981,15666,18782,11877,11533,23497,15118,10748,9996,9885,9156,10580,8174,8069,7887,7533,7379,8364,7528,8231,8278,6858,6370,6002,5931,5516,4981,4992,4784,4574,5041,4516,4090,3961,4096,3786,3143,3528,3347,3025,2623,2561,2398,2124,1948,1939,2135,1822,1781,1742,2718,1632,1475,1256,1289,1459,1498,858,851,745,691,654,1186,568,509,1195,465,434,390,896,362,449,379,218,180,148,132,141,117,55,70,44,47,37,40,30,26,20,17,24,17,13,6,5,4,1,,2.0
